current_id,current_filename
1,merged_denoised_k8_vox0p05m_rough4_raycloud_decimated_inside_segmented_0.ply
2,merged_denoised_k8_vox0p05m_rough4_raycloud_decimated_inside_segmented_1.ply
3,merged_denoised_k8_vox0p05m_rough4_raycloud_decimated_inside_segmented_10.ply
4,merged_denoised_k8_vox0p05m_rough4_raycloud_decimated_inside_segmented_100.ply
5,merged_denoised_k8_vox0p05m_rough4_raycloud_decimated_inside_segmented_101.ply
6,merged_denoised_k8_vox0p05m_rough4_raycloud_decimated_inside_segmented_102.ply
7,merged_denoised_k8_vox0p05m_rough4_raycloud_decimated_inside_segmented_103.ply
8,merged_denoised_k8_vox0p05m_rough4_raycloud_decimated_inside_segmented_104.ply
9,merged_denoised_k8_vox0p05m_rough4_raycloud_decimated_inside_segmented_105.ply
10,merged_denoised_k8_vox0p05m_rough4_raycloud_decimated_inside_segmented_106.ply
11,merged_denoised_k8_vox0p05m_rough4_raycloud_decimated_inside_segmented_107.ply
12,merged_denoised_k8_vox0p05m_rough4_raycloud_decimated_inside_segmented_108.ply
13,merged_denoised_k8_vox0p05m_rough4_raycloud_decimated_inside_segmented_109.ply
14,merged_denoised_k8_vox0p05m_rough4_raycloud_decimated_inside_segmented_11.ply
15,merged_denoised_k8_vox0p05m_rough4_raycloud_decimated_inside_segmented_110.ply
16,merged_denoised_k8_vox0p05m_rough4_raycloud_decimated_inside_segmented_111.ply
17,merged_denoised_k8_vox0p05m_rough4_raycloud_decimated_inside_segmented_112.ply
18,merged_denoised_k8_vox0p05m_rough4_raycloud_decimated_inside_segmented_113.ply
19,merged_denoised_k8_vox0p05m_rough4_raycloud_decimated_inside_segmented_114.ply
20,merged_denoised_k8_vox0p05m_rough4_raycloud_decimated_inside_segmented_115.ply
21,merged_denoised_k8_vox0p05m_rough4_raycloud_decimated_inside_segmented_116.ply
22,merged_denoised_k8_vox0p05m_rough4_raycloud_decimated_inside_segmented_117.ply
23,merged_denoised_k8_vox0p05m_rough4_raycloud_decimated_inside_segmented_118.ply
24,merged_denoised_k8_vox0p05m_rough4_raycloud_decimated_inside_segmented_119.ply
25,merged_denoised_k8_vox0p05m_rough4_raycloud_decimated_inside_segmented_12.ply
26,merged_denoised_k8_vox0p05m_rough4_raycloud_decimated_inside_segmented_120.ply
27,merged_denoised_k8_vox0p05m_rough4_raycloud_decimated_inside_segmented_121.ply
28,merged_denoised_k8_vox0p05m_rough4_raycloud_decimated_inside_segmented_122.ply
29,merged_denoised_k8_vox0p05m_rough4_raycloud_decimated_inside_segmented_123.ply
30,merged_denoised_k8_vox0p05m_rough4_raycloud_decimated_inside_segmented_124.ply
31,merged_denoised_k8_vox0p05m_rough4_raycloud_decimated_inside_segmented_125.ply
32,merged_denoised_k8_vox0p05m_rough4_raycloud_decimated_inside_segmented_126.ply
33,merged_denoised_k8_vox0p05m_rough4_raycloud_decimated_inside_segmented_127.ply
34,merged_denoised_k8_vox0p05m_rough4_raycloud_decimated_inside_segmented_128.ply
35,merged_denoised_k8_vox0p05m_rough4_raycloud_decimated_inside_segmented_129.ply
36,merged_denoised_k8_vox0p05m_rough4_raycloud_decimated_inside_segmented_13.ply
37,merged_denoised_k8_vox0p05m_rough4_raycloud_decimated_inside_segmented_130.ply
38,merged_denoised_k8_vox0p05m_rough4_raycloud_decimated_inside_segmented_131.ply
39,merged_denoised_k8_vox0p05m_rough4_raycloud_decimated_inside_segmented_132.ply
40,merged_denoised_k8_vox0p05m_rough4_raycloud_decimated_inside_segmented_133.ply
41,merged_denoised_k8_vox0p05m_rough4_raycloud_decimated_inside_segmented_134.ply
42,merged_denoised_k8_vox0p05m_rough4_raycloud_decimated_inside_segmented_135.ply
43,merged_denoised_k8_vox0p05m_rough4_raycloud_decimated_inside_segmented_136.ply
44,merged_denoised_k8_vox0p05m_rough4_raycloud_decimated_inside_segmented_137.ply
45,merged_denoised_k8_vox0p05m_rough4_raycloud_decimated_inside_segmented_138.ply
46,merged_denoised_k8_vox0p05m_rough4_raycloud_decimated_inside_segmented_139.ply
47,merged_denoised_k8_vox0p05m_rough4_raycloud_decimated_inside_segmented_14.ply
48,merged_denoised_k8_vox0p05m_rough4_raycloud_decimated_inside_segmented_140.ply
49,merged_denoised_k8_vox0p05m_rough4_raycloud_decimated_inside_segmented_141.ply
50,merged_denoised_k8_vox0p05m_rough4_raycloud_decimated_inside_segmented_142.ply
51,merged_denoised_k8_vox0p05m_rough4_raycloud_decimated_inside_segmented_143.ply
52,merged_denoised_k8_vox0p05m_rough4_raycloud_decimated_inside_segmented_144.ply
53,merged_denoised_k8_vox0p05m_rough4_raycloud_decimated_inside_segmented_145.ply
54,merged_denoised_k8_vox0p05m_rough4_raycloud_decimated_inside_segmented_146.ply
55,merged_denoised_k8_vox0p05m_rough4_raycloud_decimated_inside_segmented_147.ply
56,merged_denoised_k8_vox0p05m_rough4_raycloud_decimated_inside_segmented_148.ply
57,merged_denoised_k8_vox0p05m_rough4_raycloud_decimated_inside_segmented_149.ply
58,merged_denoised_k8_vox0p05m_rough4_raycloud_decimated_inside_segmented_15.ply
59,merged_denoised_k8_vox0p05m_rough4_raycloud_decimated_inside_segmented_150.ply
60,merged_denoised_k8_vox0p05m_rough4_raycloud_decimated_inside_segmented_151.ply
61,merged_denoised_k8_vox0p05m_rough4_raycloud_decimated_inside_segmented_152.ply
62,merged_denoised_k8_vox0p05m_rough4_raycloud_decimated_inside_segmented_153.ply
63,merged_denoised_k8_vox0p05m_rough4_raycloud_decimated_inside_segmented_154.ply
64,merged_denoised_k8_vox0p05m_rough4_raycloud_decimated_inside_segmented_155.ply
65,merged_denoised_k8_vox0p05m_rough4_raycloud_decimated_inside_segmented_156.ply
66,merged_denoised_k8_vox0p05m_rough4_raycloud_decimated_inside_segmented_157.ply
67,merged_denoised_k8_vox0p05m_rough4_raycloud_decimated_inside_segmented_158.ply
68,merged_denoised_k8_vox0p05m_rough4_raycloud_decimated_inside_segmented_159.ply
69,merged_denoised_k8_vox0p05m_rough4_raycloud_decimated_inside_segmented_16.ply
70,merged_denoised_k8_vox0p05m_rough4_raycloud_decimated_inside_segmented_160.ply
71,merged_denoised_k8_vox0p05m_rough4_raycloud_decimated_inside_segmented_161.ply
72,merged_denoised_k8_vox0p05m_rough4_raycloud_decimated_inside_segmented_162.ply
73,merged_denoised_k8_vox0p05m_rough4_raycloud_decimated_inside_segmented_163.ply
74,merged_denoised_k8_vox0p05m_rough4_raycloud_decimated_inside_segmented_164.ply
75,merged_denoised_k8_vox0p05m_rough4_raycloud_decimated_inside_segmented_165.ply
76,merged_denoised_k8_vox0p05m_rough4_raycloud_decimated_inside_segmented_166.ply
77,merged_denoised_k8_vox0p05m_rough4_raycloud_decimated_inside_segmented_167.ply
78,merged_denoised_k8_vox0p05m_rough4_raycloud_decimated_inside_segmented_168.ply
79,merged_denoised_k8_vox0p05m_rough4_raycloud_decimated_inside_segmented_169.ply
80,merged_denoised_k8_vox0p05m_rough4_raycloud_decimated_inside_segmented_17.ply
81,merged_denoised_k8_vox0p05m_rough4_raycloud_decimated_inside_segmented_170.ply
82,merged_denoised_k8_vox0p05m_rough4_raycloud_decimated_inside_segmented_171.ply
83,merged_denoised_k8_vox0p05m_rough4_raycloud_decimated_inside_segmented_172.ply
84,merged_denoised_k8_vox0p05m_rough4_raycloud_decimated_inside_segmented_173.ply
85,merged_denoised_k8_vox0p05m_rough4_raycloud_decimated_inside_segmented_174.ply
86,merged_denoised_k8_vox0p05m_rough4_raycloud_decimated_inside_segmented_175.ply
87,merged_denoised_k8_vox0p05m_rough4_raycloud_decimated_inside_segmented_176.ply
88,merged_denoised_k8_vox0p05m_rough4_raycloud_decimated_inside_segmented_177.ply
89,merged_denoised_k8_vox0p05m_rough4_raycloud_decimated_inside_segmented_178.ply
90,merged_denoised_k8_vox0p05m_rough4_raycloud_decimated_inside_segmented_179.ply
91,merged_denoised_k8_vox0p05m_rough4_raycloud_decimated_inside_segmented_18.ply
92,merged_denoised_k8_vox0p05m_rough4_raycloud_decimated_inside_segmented_180.ply
93,merged_denoised_k8_vox0p05m_rough4_raycloud_decimated_inside_segmented_181.ply
94,merged_denoised_k8_vox0p05m_rough4_raycloud_decimated_inside_segmented_182.ply
95,merged_denoised_k8_vox0p05m_rough4_raycloud_decimated_inside_segmented_183.ply
96,merged_denoised_k8_vox0p05m_rough4_raycloud_decimated_inside_segmented_184.ply
97,merged_denoised_k8_vox0p05m_rough4_raycloud_decimated_inside_segmented_185.ply
98,merged_denoised_k8_vox0p05m_rough4_raycloud_decimated_inside_segmented_186.ply
99,merged_denoised_k8_vox0p05m_rough4_raycloud_decimated_inside_segmented_187.ply
100,merged_denoised_k8_vox0p05m_rough4_raycloud_decimated_inside_segmented_188.ply
101,merged_denoised_k8_vox0p05m_rough4_raycloud_decimated_inside_segmented_189.ply
102,merged_denoised_k8_vox0p05m_rough4_raycloud_decimated_inside_segmented_19.ply
103,merged_denoised_k8_vox0p05m_rough4_raycloud_decimated_inside_segmented_190.ply
104,merged_denoised_k8_vox0p05m_rough4_raycloud_decimated_inside_segmented_191.ply
105,merged_denoised_k8_vox0p05m_rough4_raycloud_decimated_inside_segmented_192.ply
106,merged_denoised_k8_vox0p05m_rough4_raycloud_decimated_inside_segmented_193.ply
107,merged_denoised_k8_vox0p05m_rough4_raycloud_decimated_inside_segmented_194.ply
108,merged_denoised_k8_vox0p05m_rough4_raycloud_decimated_inside_segmented_195.ply
109,merged_denoised_k8_vox0p05m_rough4_raycloud_decimated_inside_segmented_196.ply
110,merged_denoised_k8_vox0p05m_rough4_raycloud_decimated_inside_segmented_197.ply
111,merged_denoised_k8_vox0p05m_rough4_raycloud_decimated_inside_segmented_198.ply
112,merged_denoised_k8_vox0p05m_rough4_raycloud_decimated_inside_segmented_199.ply
113,merged_denoised_k8_vox0p05m_rough4_raycloud_decimated_inside_segmented_2.ply
114,merged_denoised_k8_vox0p05m_rough4_raycloud_decimated_inside_segmented_20.ply
115,merged_denoised_k8_vox0p05m_rough4_raycloud_decimated_inside_segmented_200.ply
116,merged_denoised_k8_vox0p05m_rough4_raycloud_decimated_inside_segmented_201.ply
117,merged_denoised_k8_vox0p05m_rough4_raycloud_decimated_inside_segmented_202.ply
118,merged_denoised_k8_vox0p05m_rough4_raycloud_decimated_inside_segmented_203.ply
119,merged_denoised_k8_vox0p05m_rough4_raycloud_decimated_inside_segmented_204.ply
120,merged_denoised_k8_vox0p05m_rough4_raycloud_decimated_inside_segmented_205.ply
121,merged_denoised_k8_vox0p05m_rough4_raycloud_decimated_inside_segmented_206.ply
122,merged_denoised_k8_vox0p05m_rough4_raycloud_decimated_inside_segmented_207.ply
123,merged_denoised_k8_vox0p05m_rough4_raycloud_decimated_inside_segmented_208.ply
124,merged_denoised_k8_vox0p05m_rough4_raycloud_decimated_inside_segmented_209.ply
125,merged_denoised_k8_vox0p05m_rough4_raycloud_decimated_inside_segmented_21.ply
126,merged_denoised_k8_vox0p05m_rough4_raycloud_decimated_inside_segmented_210.ply
127,merged_denoised_k8_vox0p05m_rough4_raycloud_decimated_inside_segmented_211.ply
128,merged_denoised_k8_vox0p05m_rough4_raycloud_decimated_inside_segmented_212.ply
129,merged_denoised_k8_vox0p05m_rough4_raycloud_decimated_inside_segmented_213.ply
130,merged_denoised_k8_vox0p05m_rough4_raycloud_decimated_inside_segmented_214.ply
131,merged_denoised_k8_vox0p05m_rough4_raycloud_decimated_inside_segmented_215.ply
132,merged_denoised_k8_vox0p05m_rough4_raycloud_decimated_inside_segmented_216.ply
133,merged_denoised_k8_vox0p05m_rough4_raycloud_decimated_inside_segmented_217.ply
134,merged_denoised_k8_vox0p05m_rough4_raycloud_decimated_inside_segmented_218.ply
135,merged_denoised_k8_vox0p05m_rough4_raycloud_decimated_inside_segmented_219.ply
136,merged_denoised_k8_vox0p05m_rough4_raycloud_decimated_inside_segmented_22.ply
137,merged_denoised_k8_vox0p05m_rough4_raycloud_decimated_inside_segmented_220.ply
138,merged_denoised_k8_vox0p05m_rough4_raycloud_decimated_inside_segmented_221.ply
139,merged_denoised_k8_vox0p05m_rough4_raycloud_decimated_inside_segmented_222.ply
140,merged_denoised_k8_vox0p05m_rough4_raycloud_decimated_inside_segmented_223.ply
141,merged_denoised_k8_vox0p05m_rough4_raycloud_decimated_inside_segmented_224.ply
142,merged_denoised_k8_vox0p05m_rough4_raycloud_decimated_inside_segmented_225.ply
143,merged_denoised_k8_vox0p05m_rough4_raycloud_decimated_inside_segmented_226.ply
144,merged_denoised_k8_vox0p05m_rough4_raycloud_decimated_inside_segmented_227.ply
145,merged_denoised_k8_vox0p05m_rough4_raycloud_decimated_inside_segmented_228.ply
146,merged_denoised_k8_vox0p05m_rough4_raycloud_decimated_inside_segmented_229.ply
147,merged_denoised_k8_vox0p05m_rough4_raycloud_decimated_inside_segmented_23.ply
148,merged_denoised_k8_vox0p05m_rough4_raycloud_decimated_inside_segmented_230.ply
149,merged_denoised_k8_vox0p05m_rough4_raycloud_decimated_inside_segmented_231.ply
150,merged_denoised_k8_vox0p05m_rough4_raycloud_decimated_inside_segmented_232.ply
151,merged_denoised_k8_vox0p05m_rough4_raycloud_decimated_inside_segmented_233.ply
152,merged_denoised_k8_vox0p05m_rough4_raycloud_decimated_inside_segmented_234.ply
153,merged_denoised_k8_vox0p05m_rough4_raycloud_decimated_inside_segmented_235.ply
154,merged_denoised_k8_vox0p05m_rough4_raycloud_decimated_inside_segmented_236.ply
155,merged_denoised_k8_vox0p05m_rough4_raycloud_decimated_inside_segmented_237.ply
156,merged_denoised_k8_vox0p05m_rough4_raycloud_decimated_inside_segmented_238.ply
157,merged_denoised_k8_vox0p05m_rough4_raycloud_decimated_inside_segmented_239.ply
158,merged_denoised_k8_vox0p05m_rough4_raycloud_decimated_inside_segmented_24.ply
159,merged_denoised_k8_vox0p05m_rough4_raycloud_decimated_inside_segmented_240.ply
160,merged_denoised_k8_vox0p05m_rough4_raycloud_decimated_inside_segmented_241.ply
161,merged_denoised_k8_vox0p05m_rough4_raycloud_decimated_inside_segmented_242.ply
162,merged_denoised_k8_vox0p05m_rough4_raycloud_decimated_inside_segmented_243.ply
163,merged_denoised_k8_vox0p05m_rough4_raycloud_decimated_inside_segmented_244.ply
164,merged_denoised_k8_vox0p05m_rough4_raycloud_decimated_inside_segmented_245.ply
165,merged_denoised_k8_vox0p05m_rough4_raycloud_decimated_inside_segmented_246.ply
166,merged_denoised_k8_vox0p05m_rough4_raycloud_decimated_inside_segmented_247.ply
167,merged_denoised_k8_vox0p05m_rough4_raycloud_decimated_inside_segmented_248.ply
168,merged_denoised_k8_vox0p05m_rough4_raycloud_decimated_inside_segmented_249.ply
169,merged_denoised_k8_vox0p05m_rough4_raycloud_decimated_inside_segmented_25.ply
170,merged_denoised_k8_vox0p05m_rough4_raycloud_decimated_inside_segmented_250.ply
171,merged_denoised_k8_vox0p05m_rough4_raycloud_decimated_inside_segmented_251.ply
172,merged_denoised_k8_vox0p05m_rough4_raycloud_decimated_inside_segmented_252.ply
173,merged_denoised_k8_vox0p05m_rough4_raycloud_decimated_inside_segmented_253.ply
174,merged_denoised_k8_vox0p05m_rough4_raycloud_decimated_inside_segmented_254.ply
175,merged_denoised_k8_vox0p05m_rough4_raycloud_decimated_inside_segmented_255.ply
176,merged_denoised_k8_vox0p05m_rough4_raycloud_decimated_inside_segmented_256.ply
177,merged_denoised_k8_vox0p05m_rough4_raycloud_decimated_inside_segmented_257.ply
178,merged_denoised_k8_vox0p05m_rough4_raycloud_decimated_inside_segmented_258.ply
179,merged_denoised_k8_vox0p05m_rough4_raycloud_decimated_inside_segmented_259.ply
180,merged_denoised_k8_vox0p05m_rough4_raycloud_decimated_inside_segmented_26.ply
181,merged_denoised_k8_vox0p05m_rough4_raycloud_decimated_inside_segmented_260.ply
182,merged_denoised_k8_vox0p05m_rough4_raycloud_decimated_inside_segmented_261.ply
183,merged_denoised_k8_vox0p05m_rough4_raycloud_decimated_inside_segmented_262.ply
184,merged_denoised_k8_vox0p05m_rough4_raycloud_decimated_inside_segmented_263.ply
185,merged_denoised_k8_vox0p05m_rough4_raycloud_decimated_inside_segmented_264.ply
186,merged_denoised_k8_vox0p05m_rough4_raycloud_decimated_inside_segmented_265.ply
187,merged_denoised_k8_vox0p05m_rough4_raycloud_decimated_inside_segmented_266.ply
188,merged_denoised_k8_vox0p05m_rough4_raycloud_decimated_inside_segmented_267.ply
189,merged_denoised_k8_vox0p05m_rough4_raycloud_decimated_inside_segmented_268.ply
190,merged_denoised_k8_vox0p05m_rough4_raycloud_decimated_inside_segmented_269.ply
191,merged_denoised_k8_vox0p05m_rough4_raycloud_decimated_inside_segmented_27.ply
192,merged_denoised_k8_vox0p05m_rough4_raycloud_decimated_inside_segmented_270.ply
193,merged_denoised_k8_vox0p05m_rough4_raycloud_decimated_inside_segmented_271.ply
194,merged_denoised_k8_vox0p05m_rough4_raycloud_decimated_inside_segmented_272.ply
195,merged_denoised_k8_vox0p05m_rough4_raycloud_decimated_inside_segmented_273.ply
196,merged_denoised_k8_vox0p05m_rough4_raycloud_decimated_inside_segmented_274.ply
197,merged_denoised_k8_vox0p05m_rough4_raycloud_decimated_inside_segmented_275.ply
198,merged_denoised_k8_vox0p05m_rough4_raycloud_decimated_inside_segmented_276.ply
199,merged_denoised_k8_vox0p05m_rough4_raycloud_decimated_inside_segmented_277.ply
200,merged_denoised_k8_vox0p05m_rough4_raycloud_decimated_inside_segmented_278.ply
201,merged_denoised_k8_vox0p05m_rough4_raycloud_decimated_inside_segmented_279.ply
202,merged_denoised_k8_vox0p05m_rough4_raycloud_decimated_inside_segmented_28.ply
203,merged_denoised_k8_vox0p05m_rough4_raycloud_decimated_inside_segmented_280.ply
204,merged_denoised_k8_vox0p05m_rough4_raycloud_decimated_inside_segmented_281.ply
205,merged_denoised_k8_vox0p05m_rough4_raycloud_decimated_inside_segmented_282.ply
206,merged_denoised_k8_vox0p05m_rough4_raycloud_decimated_inside_segmented_283.ply
207,merged_denoised_k8_vox0p05m_rough4_raycloud_decimated_inside_segmented_284.ply
208,merged_denoised_k8_vox0p05m_rough4_raycloud_decimated_inside_segmented_285.ply
209,merged_denoised_k8_vox0p05m_rough4_raycloud_decimated_inside_segmented_286.ply
210,merged_denoised_k8_vox0p05m_rough4_raycloud_decimated_inside_segmented_287.ply
211,merged_denoised_k8_vox0p05m_rough4_raycloud_decimated_inside_segmented_288.ply
212,merged_denoised_k8_vox0p05m_rough4_raycloud_decimated_inside_segmented_289.ply
213,merged_denoised_k8_vox0p05m_rough4_raycloud_decimated_inside_segmented_29.ply
214,merged_denoised_k8_vox0p05m_rough4_raycloud_decimated_inside_segmented_290.ply
215,merged_denoised_k8_vox0p05m_rough4_raycloud_decimated_inside_segmented_291.ply
216,merged_denoised_k8_vox0p05m_rough4_raycloud_decimated_inside_segmented_292.ply
217,merged_denoised_k8_vox0p05m_rough4_raycloud_decimated_inside_segmented_293.ply
218,merged_denoised_k8_vox0p05m_rough4_raycloud_decimated_inside_segmented_294.ply
219,merged_denoised_k8_vox0p05m_rough4_raycloud_decimated_inside_segmented_295.ply
220,merged_denoised_k8_vox0p05m_rough4_raycloud_decimated_inside_segmented_296.ply
221,merged_denoised_k8_vox0p05m_rough4_raycloud_decimated_inside_segmented_297.ply
222,merged_denoised_k8_vox0p05m_rough4_raycloud_decimated_inside_segmented_298.ply
223,merged_denoised_k8_vox0p05m_rough4_raycloud_decimated_inside_segmented_299.ply
224,merged_denoised_k8_vox0p05m_rough4_raycloud_decimated_inside_segmented_3.ply
225,merged_denoised_k8_vox0p05m_rough4_raycloud_decimated_inside_segmented_30.ply
226,merged_denoised_k8_vox0p05m_rough4_raycloud_decimated_inside_segmented_300.ply
227,merged_denoised_k8_vox0p05m_rough4_raycloud_decimated_inside_segmented_301.ply
228,merged_denoised_k8_vox0p05m_rough4_raycloud_decimated_inside_segmented_302.ply
229,merged_denoised_k8_vox0p05m_rough4_raycloud_decimated_inside_segmented_303.ply
230,merged_denoised_k8_vox0p05m_rough4_raycloud_decimated_inside_segmented_304.ply
231,merged_denoised_k8_vox0p05m_rough4_raycloud_decimated_inside_segmented_305.ply
232,merged_denoised_k8_vox0p05m_rough4_raycloud_decimated_inside_segmented_306.ply
233,merged_denoised_k8_vox0p05m_rough4_raycloud_decimated_inside_segmented_307.ply
234,merged_denoised_k8_vox0p05m_rough4_raycloud_decimated_inside_segmented_308.ply
235,merged_denoised_k8_vox0p05m_rough4_raycloud_decimated_inside_segmented_309.ply
236,merged_denoised_k8_vox0p05m_rough4_raycloud_decimated_inside_segmented_31.ply
237,merged_denoised_k8_vox0p05m_rough4_raycloud_decimated_inside_segmented_310.ply
238,merged_denoised_k8_vox0p05m_rough4_raycloud_decimated_inside_segmented_311.ply
239,merged_denoised_k8_vox0p05m_rough4_raycloud_decimated_inside_segmented_312.ply
240,merged_denoised_k8_vox0p05m_rough4_raycloud_decimated_inside_segmented_313.ply
241,merged_denoised_k8_vox0p05m_rough4_raycloud_decimated_inside_segmented_314.ply
242,merged_denoised_k8_vox0p05m_rough4_raycloud_decimated_inside_segmented_315.ply
243,merged_denoised_k8_vox0p05m_rough4_raycloud_decimated_inside_segmented_316.ply
244,merged_denoised_k8_vox0p05m_rough4_raycloud_decimated_inside_segmented_317.ply
245,merged_denoised_k8_vox0p05m_rough4_raycloud_decimated_inside_segmented_318.ply
246,merged_denoised_k8_vox0p05m_rough4_raycloud_decimated_inside_segmented_319.ply
247,merged_denoised_k8_vox0p05m_rough4_raycloud_decimated_inside_segmented_32.ply
248,merged_denoised_k8_vox0p05m_rough4_raycloud_decimated_inside_segmented_320.ply
249,merged_denoised_k8_vox0p05m_rough4_raycloud_decimated_inside_segmented_321.ply
250,merged_denoised_k8_vox0p05m_rough4_raycloud_decimated_inside_segmented_322.ply
251,merged_denoised_k8_vox0p05m_rough4_raycloud_decimated_inside_segmented_323.ply
252,merged_denoised_k8_vox0p05m_rough4_raycloud_decimated_inside_segmented_324.ply
253,merged_denoised_k8_vox0p05m_rough4_raycloud_decimated_inside_segmented_325.ply
254,merged_denoised_k8_vox0p05m_rough4_raycloud_decimated_inside_segmented_326.ply
255,merged_denoised_k8_vox0p05m_rough4_raycloud_decimated_inside_segmented_327.ply
256,merged_denoised_k8_vox0p05m_rough4_raycloud_decimated_inside_segmented_328.ply
257,merged_denoised_k8_vox0p05m_rough4_raycloud_decimated_inside_segmented_329.ply
258,merged_denoised_k8_vox0p05m_rough4_raycloud_decimated_inside_segmented_33.ply
259,merged_denoised_k8_vox0p05m_rough4_raycloud_decimated_inside_segmented_330.ply
260,merged_denoised_k8_vox0p05m_rough4_raycloud_decimated_inside_segmented_331.ply
261,merged_denoised_k8_vox0p05m_rough4_raycloud_decimated_inside_segmented_332.ply
262,merged_denoised_k8_vox0p05m_rough4_raycloud_decimated_inside_segmented_333.ply
263,merged_denoised_k8_vox0p05m_rough4_raycloud_decimated_inside_segmented_334.ply
264,merged_denoised_k8_vox0p05m_rough4_raycloud_decimated_inside_segmented_335.ply
265,merged_denoised_k8_vox0p05m_rough4_raycloud_decimated_inside_segmented_336.ply
266,merged_denoised_k8_vox0p05m_rough4_raycloud_decimated_inside_segmented_337.ply
267,merged_denoised_k8_vox0p05m_rough4_raycloud_decimated_inside_segmented_338.ply
268,merged_denoised_k8_vox0p05m_rough4_raycloud_decimated_inside_segmented_339.ply
269,merged_denoised_k8_vox0p05m_rough4_raycloud_decimated_inside_segmented_34.ply
270,merged_denoised_k8_vox0p05m_rough4_raycloud_decimated_inside_segmented_340.ply
271,merged_denoised_k8_vox0p05m_rough4_raycloud_decimated_inside_segmented_341.ply
272,merged_denoised_k8_vox0p05m_rough4_raycloud_decimated_inside_segmented_342.ply
273,merged_denoised_k8_vox0p05m_rough4_raycloud_decimated_inside_segmented_343.ply
274,merged_denoised_k8_vox0p05m_rough4_raycloud_decimated_inside_segmented_344.ply
275,merged_denoised_k8_vox0p05m_rough4_raycloud_decimated_inside_segmented_345.ply
276,merged_denoised_k8_vox0p05m_rough4_raycloud_decimated_inside_segmented_346.ply
277,merged_denoised_k8_vox0p05m_rough4_raycloud_decimated_inside_segmented_347.ply
278,merged_denoised_k8_vox0p05m_rough4_raycloud_decimated_inside_segmented_348.ply
279,merged_denoised_k8_vox0p05m_rough4_raycloud_decimated_inside_segmented_349.ply
280,merged_denoised_k8_vox0p05m_rough4_raycloud_decimated_inside_segmented_35.ply
281,merged_denoised_k8_vox0p05m_rough4_raycloud_decimated_inside_segmented_350.ply
282,merged_denoised_k8_vox0p05m_rough4_raycloud_decimated_inside_segmented_351.ply
283,merged_denoised_k8_vox0p05m_rough4_raycloud_decimated_inside_segmented_352.ply
284,merged_denoised_k8_vox0p05m_rough4_raycloud_decimated_inside_segmented_353.ply
285,merged_denoised_k8_vox0p05m_rough4_raycloud_decimated_inside_segmented_354.ply
286,merged_denoised_k8_vox0p05m_rough4_raycloud_decimated_inside_segmented_355.ply
287,merged_denoised_k8_vox0p05m_rough4_raycloud_decimated_inside_segmented_356.ply
288,merged_denoised_k8_vox0p05m_rough4_raycloud_decimated_inside_segmented_357.ply
289,merged_denoised_k8_vox0p05m_rough4_raycloud_decimated_inside_segmented_358.ply
290,merged_denoised_k8_vox0p05m_rough4_raycloud_decimated_inside_segmented_359.ply
291,merged_denoised_k8_vox0p05m_rough4_raycloud_decimated_inside_segmented_36.ply
292,merged_denoised_k8_vox0p05m_rough4_raycloud_decimated_inside_segmented_360.ply
293,merged_denoised_k8_vox0p05m_rough4_raycloud_decimated_inside_segmented_361.ply
294,merged_denoised_k8_vox0p05m_rough4_raycloud_decimated_inside_segmented_362.ply
295,merged_denoised_k8_vox0p05m_rough4_raycloud_decimated_inside_segmented_363.ply
296,merged_denoised_k8_vox0p05m_rough4_raycloud_decimated_inside_segmented_364.ply
297,merged_denoised_k8_vox0p05m_rough4_raycloud_decimated_inside_segmented_365.ply
298,merged_denoised_k8_vox0p05m_rough4_raycloud_decimated_inside_segmented_366.ply
299,merged_denoised_k8_vox0p05m_rough4_raycloud_decimated_inside_segmented_367.ply
300,merged_denoised_k8_vox0p05m_rough4_raycloud_decimated_inside_segmented_368.ply
301,merged_denoised_k8_vox0p05m_rough4_raycloud_decimated_inside_segmented_369.ply
302,merged_denoised_k8_vox0p05m_rough4_raycloud_decimated_inside_segmented_37.ply
303,merged_denoised_k8_vox0p05m_rough4_raycloud_decimated_inside_segmented_370.ply
304,merged_denoised_k8_vox0p05m_rough4_raycloud_decimated_inside_segmented_371.ply
305,merged_denoised_k8_vox0p05m_rough4_raycloud_decimated_inside_segmented_372.ply
306,merged_denoised_k8_vox0p05m_rough4_raycloud_decimated_inside_segmented_373.ply
307,merged_denoised_k8_vox0p05m_rough4_raycloud_decimated_inside_segmented_374.ply
308,merged_denoised_k8_vox0p05m_rough4_raycloud_decimated_inside_segmented_375.ply
309,merged_denoised_k8_vox0p05m_rough4_raycloud_decimated_inside_segmented_376.ply
310,merged_denoised_k8_vox0p05m_rough4_raycloud_decimated_inside_segmented_377.ply
311,merged_denoised_k8_vox0p05m_rough4_raycloud_decimated_inside_segmented_378.ply
312,merged_denoised_k8_vox0p05m_rough4_raycloud_decimated_inside_segmented_379.ply
313,merged_denoised_k8_vox0p05m_rough4_raycloud_decimated_inside_segmented_38.ply
314,merged_denoised_k8_vox0p05m_rough4_raycloud_decimated_inside_segmented_380.ply
315,merged_denoised_k8_vox0p05m_rough4_raycloud_decimated_inside_segmented_381.ply
316,merged_denoised_k8_vox0p05m_rough4_raycloud_decimated_inside_segmented_382.ply
317,merged_denoised_k8_vox0p05m_rough4_raycloud_decimated_inside_segmented_383.ply
318,merged_denoised_k8_vox0p05m_rough4_raycloud_decimated_inside_segmented_384.ply
319,merged_denoised_k8_vox0p05m_rough4_raycloud_decimated_inside_segmented_385.ply
320,merged_denoised_k8_vox0p05m_rough4_raycloud_decimated_inside_segmented_386.ply
321,merged_denoised_k8_vox0p05m_rough4_raycloud_decimated_inside_segmented_387.ply
322,merged_denoised_k8_vox0p05m_rough4_raycloud_decimated_inside_segmented_388.ply
323,merged_denoised_k8_vox0p05m_rough4_raycloud_decimated_inside_segmented_389.ply
324,merged_denoised_k8_vox0p05m_rough4_raycloud_decimated_inside_segmented_39.ply
325,merged_denoised_k8_vox0p05m_rough4_raycloud_decimated_inside_segmented_390.ply
326,merged_denoised_k8_vox0p05m_rough4_raycloud_decimated_inside_segmented_391.ply
327,merged_denoised_k8_vox0p05m_rough4_raycloud_decimated_inside_segmented_392.ply
328,merged_denoised_k8_vox0p05m_rough4_raycloud_decimated_inside_segmented_393.ply
329,merged_denoised_k8_vox0p05m_rough4_raycloud_decimated_inside_segmented_394.ply
330,merged_denoised_k8_vox0p05m_rough4_raycloud_decimated_inside_segmented_395.ply
331,merged_denoised_k8_vox0p05m_rough4_raycloud_decimated_inside_segmented_396.ply
332,merged_denoised_k8_vox0p05m_rough4_raycloud_decimated_inside_segmented_397.ply
333,merged_denoised_k8_vox0p05m_rough4_raycloud_decimated_inside_segmented_398.ply
334,merged_denoised_k8_vox0p05m_rough4_raycloud_decimated_inside_segmented_399.ply
335,merged_denoised_k8_vox0p05m_rough4_raycloud_decimated_inside_segmented_4.ply
336,merged_denoised_k8_vox0p05m_rough4_raycloud_decimated_inside_segmented_40.ply
337,merged_denoised_k8_vox0p05m_rough4_raycloud_decimated_inside_segmented_400.ply
338,merged_denoised_k8_vox0p05m_rough4_raycloud_decimated_inside_segmented_401.ply
339,merged_denoised_k8_vox0p05m_rough4_raycloud_decimated_inside_segmented_402.ply
340,merged_denoised_k8_vox0p05m_rough4_raycloud_decimated_inside_segmented_403.ply
341,merged_denoised_k8_vox0p05m_rough4_raycloud_decimated_inside_segmented_404.ply
342,merged_denoised_k8_vox0p05m_rough4_raycloud_decimated_inside_segmented_405.ply
343,merged_denoised_k8_vox0p05m_rough4_raycloud_decimated_inside_segmented_406.ply
344,merged_denoised_k8_vox0p05m_rough4_raycloud_decimated_inside_segmented_407.ply
345,merged_denoised_k8_vox0p05m_rough4_raycloud_decimated_inside_segmented_408.ply
346,merged_denoised_k8_vox0p05m_rough4_raycloud_decimated_inside_segmented_409.ply
347,merged_denoised_k8_vox0p05m_rough4_raycloud_decimated_inside_segmented_41.ply
348,merged_denoised_k8_vox0p05m_rough4_raycloud_decimated_inside_segmented_410.ply
349,merged_denoised_k8_vox0p05m_rough4_raycloud_decimated_inside_segmented_411.ply
350,merged_denoised_k8_vox0p05m_rough4_raycloud_decimated_inside_segmented_412.ply
351,merged_denoised_k8_vox0p05m_rough4_raycloud_decimated_inside_segmented_413.ply
352,merged_denoised_k8_vox0p05m_rough4_raycloud_decimated_inside_segmented_414.ply
353,merged_denoised_k8_vox0p05m_rough4_raycloud_decimated_inside_segmented_415.ply
354,merged_denoised_k8_vox0p05m_rough4_raycloud_decimated_inside_segmented_416.ply
355,merged_denoised_k8_vox0p05m_rough4_raycloud_decimated_inside_segmented_417.ply
356,merged_denoised_k8_vox0p05m_rough4_raycloud_decimated_inside_segmented_418.ply
357,merged_denoised_k8_vox0p05m_rough4_raycloud_decimated_inside_segmented_419.ply
358,merged_denoised_k8_vox0p05m_rough4_raycloud_decimated_inside_segmented_42.ply
359,merged_denoised_k8_vox0p05m_rough4_raycloud_decimated_inside_segmented_420.ply
360,merged_denoised_k8_vox0p05m_rough4_raycloud_decimated_inside_segmented_421.ply
361,merged_denoised_k8_vox0p05m_rough4_raycloud_decimated_inside_segmented_422.ply
362,merged_denoised_k8_vox0p05m_rough4_raycloud_decimated_inside_segmented_423.ply
363,merged_denoised_k8_vox0p05m_rough4_raycloud_decimated_inside_segmented_424.ply
364,merged_denoised_k8_vox0p05m_rough4_raycloud_decimated_inside_segmented_425.ply
365,merged_denoised_k8_vox0p05m_rough4_raycloud_decimated_inside_segmented_426.ply
366,merged_denoised_k8_vox0p05m_rough4_raycloud_decimated_inside_segmented_427.ply
367,merged_denoised_k8_vox0p05m_rough4_raycloud_decimated_inside_segmented_428.ply
368,merged_denoised_k8_vox0p05m_rough4_raycloud_decimated_inside_segmented_429.ply
369,merged_denoised_k8_vox0p05m_rough4_raycloud_decimated_inside_segmented_43.ply
370,merged_denoised_k8_vox0p05m_rough4_raycloud_decimated_inside_segmented_430.ply
371,merged_denoised_k8_vox0p05m_rough4_raycloud_decimated_inside_segmented_431.ply
372,merged_denoised_k8_vox0p05m_rough4_raycloud_decimated_inside_segmented_432.ply
373,merged_denoised_k8_vox0p05m_rough4_raycloud_decimated_inside_segmented_433.ply
374,merged_denoised_k8_vox0p05m_rough4_raycloud_decimated_inside_segmented_434.ply
375,merged_denoised_k8_vox0p05m_rough4_raycloud_decimated_inside_segmented_435.ply
376,merged_denoised_k8_vox0p05m_rough4_raycloud_decimated_inside_segmented_436.ply
377,merged_denoised_k8_vox0p05m_rough4_raycloud_decimated_inside_segmented_437.ply
378,merged_denoised_k8_vox0p05m_rough4_raycloud_decimated_inside_segmented_438.ply
379,merged_denoised_k8_vox0p05m_rough4_raycloud_decimated_inside_segmented_439.ply
380,merged_denoised_k8_vox0p05m_rough4_raycloud_decimated_inside_segmented_44.ply
381,merged_denoised_k8_vox0p05m_rough4_raycloud_decimated_inside_segmented_440.ply
382,merged_denoised_k8_vox0p05m_rough4_raycloud_decimated_inside_segmented_441.ply
383,merged_denoised_k8_vox0p05m_rough4_raycloud_decimated_inside_segmented_442.ply
384,merged_denoised_k8_vox0p05m_rough4_raycloud_decimated_inside_segmented_443.ply
385,merged_denoised_k8_vox0p05m_rough4_raycloud_decimated_inside_segmented_444.ply
386,merged_denoised_k8_vox0p05m_rough4_raycloud_decimated_inside_segmented_445.ply
387,merged_denoised_k8_vox0p05m_rough4_raycloud_decimated_inside_segmented_446.ply
388,merged_denoised_k8_vox0p05m_rough4_raycloud_decimated_inside_segmented_447.ply
389,merged_denoised_k8_vox0p05m_rough4_raycloud_decimated_inside_segmented_448.ply
390,merged_denoised_k8_vox0p05m_rough4_raycloud_decimated_inside_segmented_449.ply
391,merged_denoised_k8_vox0p05m_rough4_raycloud_decimated_inside_segmented_45.ply
392,merged_denoised_k8_vox0p05m_rough4_raycloud_decimated_inside_segmented_450.ply
393,merged_denoised_k8_vox0p05m_rough4_raycloud_decimated_inside_segmented_451.ply
394,merged_denoised_k8_vox0p05m_rough4_raycloud_decimated_inside_segmented_452.ply
395,merged_denoised_k8_vox0p05m_rough4_raycloud_decimated_inside_segmented_453.ply
396,merged_denoised_k8_vox0p05m_rough4_raycloud_decimated_inside_segmented_454.ply
397,merged_denoised_k8_vox0p05m_rough4_raycloud_decimated_inside_segmented_455.ply
398,merged_denoised_k8_vox0p05m_rough4_raycloud_decimated_inside_segmented_456.ply
399,merged_denoised_k8_vox0p05m_rough4_raycloud_decimated_inside_segmented_457.ply
400,merged_denoised_k8_vox0p05m_rough4_raycloud_decimated_inside_segmented_458.ply
401,merged_denoised_k8_vox0p05m_rough4_raycloud_decimated_inside_segmented_459.ply
402,merged_denoised_k8_vox0p05m_rough4_raycloud_decimated_inside_segmented_46.ply
403,merged_denoised_k8_vox0p05m_rough4_raycloud_decimated_inside_segmented_460.ply
404,merged_denoised_k8_vox0p05m_rough4_raycloud_decimated_inside_segmented_461.ply
405,merged_denoised_k8_vox0p05m_rough4_raycloud_decimated_inside_segmented_462.ply
406,merged_denoised_k8_vox0p05m_rough4_raycloud_decimated_inside_segmented_463.ply
407,merged_denoised_k8_vox0p05m_rough4_raycloud_decimated_inside_segmented_464.ply
408,merged_denoised_k8_vox0p05m_rough4_raycloud_decimated_inside_segmented_465.ply
409,merged_denoised_k8_vox0p05m_rough4_raycloud_decimated_inside_segmented_466.ply
410,merged_denoised_k8_vox0p05m_rough4_raycloud_decimated_inside_segmented_467.ply
411,merged_denoised_k8_vox0p05m_rough4_raycloud_decimated_inside_segmented_468.ply
412,merged_denoised_k8_vox0p05m_rough4_raycloud_decimated_inside_segmented_469.ply
413,merged_denoised_k8_vox0p05m_rough4_raycloud_decimated_inside_segmented_47.ply
414,merged_denoised_k8_vox0p05m_rough4_raycloud_decimated_inside_segmented_470.ply
415,merged_denoised_k8_vox0p05m_rough4_raycloud_decimated_inside_segmented_471.ply
416,merged_denoised_k8_vox0p05m_rough4_raycloud_decimated_inside_segmented_472.ply
417,merged_denoised_k8_vox0p05m_rough4_raycloud_decimated_inside_segmented_473.ply
418,merged_denoised_k8_vox0p05m_rough4_raycloud_decimated_inside_segmented_474.ply
419,merged_denoised_k8_vox0p05m_rough4_raycloud_decimated_inside_segmented_475.ply
420,merged_denoised_k8_vox0p05m_rough4_raycloud_decimated_inside_segmented_476.ply
421,merged_denoised_k8_vox0p05m_rough4_raycloud_decimated_inside_segmented_477.ply
422,merged_denoised_k8_vox0p05m_rough4_raycloud_decimated_inside_segmented_478.ply
423,merged_denoised_k8_vox0p05m_rough4_raycloud_decimated_inside_segmented_479.ply
424,merged_denoised_k8_vox0p05m_rough4_raycloud_decimated_inside_segmented_48.ply
425,merged_denoised_k8_vox0p05m_rough4_raycloud_decimated_inside_segmented_480.ply
426,merged_denoised_k8_vox0p05m_rough4_raycloud_decimated_inside_segmented_481.ply
427,merged_denoised_k8_vox0p05m_rough4_raycloud_decimated_inside_segmented_482.ply
428,merged_denoised_k8_vox0p05m_rough4_raycloud_decimated_inside_segmented_483.ply
429,merged_denoised_k8_vox0p05m_rough4_raycloud_decimated_inside_segmented_484.ply
430,merged_denoised_k8_vox0p05m_rough4_raycloud_decimated_inside_segmented_485.ply
431,merged_denoised_k8_vox0p05m_rough4_raycloud_decimated_inside_segmented_486.ply
432,merged_denoised_k8_vox0p05m_rough4_raycloud_decimated_inside_segmented_487.ply
433,merged_denoised_k8_vox0p05m_rough4_raycloud_decimated_inside_segmented_488.ply
434,merged_denoised_k8_vox0p05m_rough4_raycloud_decimated_inside_segmented_489.ply
435,merged_denoised_k8_vox0p05m_rough4_raycloud_decimated_inside_segmented_49.ply
436,merged_denoised_k8_vox0p05m_rough4_raycloud_decimated_inside_segmented_490.ply
437,merged_denoised_k8_vox0p05m_rough4_raycloud_decimated_inside_segmented_491.ply
438,merged_denoised_k8_vox0p05m_rough4_raycloud_decimated_inside_segmented_492.ply
439,merged_denoised_k8_vox0p05m_rough4_raycloud_decimated_inside_segmented_493.ply
440,merged_denoised_k8_vox0p05m_rough4_raycloud_decimated_inside_segmented_494.ply
441,merged_denoised_k8_vox0p05m_rough4_raycloud_decimated_inside_segmented_495.ply
442,merged_denoised_k8_vox0p05m_rough4_raycloud_decimated_inside_segmented_496.ply
443,merged_denoised_k8_vox0p05m_rough4_raycloud_decimated_inside_segmented_497.ply
444,merged_denoised_k8_vox0p05m_rough4_raycloud_decimated_inside_segmented_498.ply
445,merged_denoised_k8_vox0p05m_rough4_raycloud_decimated_inside_segmented_499.ply
446,merged_denoised_k8_vox0p05m_rough4_raycloud_decimated_inside_segmented_5.ply
447,merged_denoised_k8_vox0p05m_rough4_raycloud_decimated_inside_segmented_50.ply
448,merged_denoised_k8_vox0p05m_rough4_raycloud_decimated_inside_segmented_500.ply
449,merged_denoised_k8_vox0p05m_rough4_raycloud_decimated_inside_segmented_501.ply
450,merged_denoised_k8_vox0p05m_rough4_raycloud_decimated_inside_segmented_502.ply
451,merged_denoised_k8_vox0p05m_rough4_raycloud_decimated_inside_segmented_503.ply
452,merged_denoised_k8_vox0p05m_rough4_raycloud_decimated_inside_segmented_504.ply
453,merged_denoised_k8_vox0p05m_rough4_raycloud_decimated_inside_segmented_505.ply
454,merged_denoised_k8_vox0p05m_rough4_raycloud_decimated_inside_segmented_506.ply
455,merged_denoised_k8_vox0p05m_rough4_raycloud_decimated_inside_segmented_507.ply
456,merged_denoised_k8_vox0p05m_rough4_raycloud_decimated_inside_segmented_508.ply
457,merged_denoised_k8_vox0p05m_rough4_raycloud_decimated_inside_segmented_509.ply
458,merged_denoised_k8_vox0p05m_rough4_raycloud_decimated_inside_segmented_51.ply
459,merged_denoised_k8_vox0p05m_rough4_raycloud_decimated_inside_segmented_510.ply
460,merged_denoised_k8_vox0p05m_rough4_raycloud_decimated_inside_segmented_511.ply
461,merged_denoised_k8_vox0p05m_rough4_raycloud_decimated_inside_segmented_512.ply
462,merged_denoised_k8_vox0p05m_rough4_raycloud_decimated_inside_segmented_513.ply
463,merged_denoised_k8_vox0p05m_rough4_raycloud_decimated_inside_segmented_514.ply
464,merged_denoised_k8_vox0p05m_rough4_raycloud_decimated_inside_segmented_515.ply
465,merged_denoised_k8_vox0p05m_rough4_raycloud_decimated_inside_segmented_516.ply
466,merged_denoised_k8_vox0p05m_rough4_raycloud_decimated_inside_segmented_517.ply
467,merged_denoised_k8_vox0p05m_rough4_raycloud_decimated_inside_segmented_518.ply
468,merged_denoised_k8_vox0p05m_rough4_raycloud_decimated_inside_segmented_519.ply
469,merged_denoised_k8_vox0p05m_rough4_raycloud_decimated_inside_segmented_52.ply
470,merged_denoised_k8_vox0p05m_rough4_raycloud_decimated_inside_segmented_520.ply
471,merged_denoised_k8_vox0p05m_rough4_raycloud_decimated_inside_segmented_521.ply
472,merged_denoised_k8_vox0p05m_rough4_raycloud_decimated_inside_segmented_522.ply
473,merged_denoised_k8_vox0p05m_rough4_raycloud_decimated_inside_segmented_523.ply
474,merged_denoised_k8_vox0p05m_rough4_raycloud_decimated_inside_segmented_524.ply
475,merged_denoised_k8_vox0p05m_rough4_raycloud_decimated_inside_segmented_525.ply
476,merged_denoised_k8_vox0p05m_rough4_raycloud_decimated_inside_segmented_526.ply
477,merged_denoised_k8_vox0p05m_rough4_raycloud_decimated_inside_segmented_527.ply
478,merged_denoised_k8_vox0p05m_rough4_raycloud_decimated_inside_segmented_528.ply
479,merged_denoised_k8_vox0p05m_rough4_raycloud_decimated_inside_segmented_529.ply
480,merged_denoised_k8_vox0p05m_rough4_raycloud_decimated_inside_segmented_53.ply
481,merged_denoised_k8_vox0p05m_rough4_raycloud_decimated_inside_segmented_530.ply
482,merged_denoised_k8_vox0p05m_rough4_raycloud_decimated_inside_segmented_531.ply
483,merged_denoised_k8_vox0p05m_rough4_raycloud_decimated_inside_segmented_532.ply
484,merged_denoised_k8_vox0p05m_rough4_raycloud_decimated_inside_segmented_533.ply
485,merged_denoised_k8_vox0p05m_rough4_raycloud_decimated_inside_segmented_534.ply
486,merged_denoised_k8_vox0p05m_rough4_raycloud_decimated_inside_segmented_535.ply
487,merged_denoised_k8_vox0p05m_rough4_raycloud_decimated_inside_segmented_536.ply
488,merged_denoised_k8_vox0p05m_rough4_raycloud_decimated_inside_segmented_537.ply
489,merged_denoised_k8_vox0p05m_rough4_raycloud_decimated_inside_segmented_538.ply
490,merged_denoised_k8_vox0p05m_rough4_raycloud_decimated_inside_segmented_539.ply
491,merged_denoised_k8_vox0p05m_rough4_raycloud_decimated_inside_segmented_54.ply
492,merged_denoised_k8_vox0p05m_rough4_raycloud_decimated_inside_segmented_540.ply
493,merged_denoised_k8_vox0p05m_rough4_raycloud_decimated_inside_segmented_541.ply
494,merged_denoised_k8_vox0p05m_rough4_raycloud_decimated_inside_segmented_542.ply
495,merged_denoised_k8_vox0p05m_rough4_raycloud_decimated_inside_segmented_543.ply
496,merged_denoised_k8_vox0p05m_rough4_raycloud_decimated_inside_segmented_544.ply
497,merged_denoised_k8_vox0p05m_rough4_raycloud_decimated_inside_segmented_545.ply
498,merged_denoised_k8_vox0p05m_rough4_raycloud_decimated_inside_segmented_546.ply
499,merged_denoised_k8_vox0p05m_rough4_raycloud_decimated_inside_segmented_547.ply
500,merged_denoised_k8_vox0p05m_rough4_raycloud_decimated_inside_segmented_548.ply
501,merged_denoised_k8_vox0p05m_rough4_raycloud_decimated_inside_segmented_549.ply
502,merged_denoised_k8_vox0p05m_rough4_raycloud_decimated_inside_segmented_55.ply
503,merged_denoised_k8_vox0p05m_rough4_raycloud_decimated_inside_segmented_550.ply
504,merged_denoised_k8_vox0p05m_rough4_raycloud_decimated_inside_segmented_551.ply
505,merged_denoised_k8_vox0p05m_rough4_raycloud_decimated_inside_segmented_552.ply
506,merged_denoised_k8_vox0p05m_rough4_raycloud_decimated_inside_segmented_553.ply
507,merged_denoised_k8_vox0p05m_rough4_raycloud_decimated_inside_segmented_554.ply
508,merged_denoised_k8_vox0p05m_rough4_raycloud_decimated_inside_segmented_555.ply
509,merged_denoised_k8_vox0p05m_rough4_raycloud_decimated_inside_segmented_556.ply
510,merged_denoised_k8_vox0p05m_rough4_raycloud_decimated_inside_segmented_557.ply
511,merged_denoised_k8_vox0p05m_rough4_raycloud_decimated_inside_segmented_558.ply
512,merged_denoised_k8_vox0p05m_rough4_raycloud_decimated_inside_segmented_559.ply
513,merged_denoised_k8_vox0p05m_rough4_raycloud_decimated_inside_segmented_56.ply
514,merged_denoised_k8_vox0p05m_rough4_raycloud_decimated_inside_segmented_560.ply
515,merged_denoised_k8_vox0p05m_rough4_raycloud_decimated_inside_segmented_561.ply
516,merged_denoised_k8_vox0p05m_rough4_raycloud_decimated_inside_segmented_562.ply
517,merged_denoised_k8_vox0p05m_rough4_raycloud_decimated_inside_segmented_563.ply
518,merged_denoised_k8_vox0p05m_rough4_raycloud_decimated_inside_segmented_564.ply
519,merged_denoised_k8_vox0p05m_rough4_raycloud_decimated_inside_segmented_565.ply
520,merged_denoised_k8_vox0p05m_rough4_raycloud_decimated_inside_segmented_566.ply
521,merged_denoised_k8_vox0p05m_rough4_raycloud_decimated_inside_segmented_567.ply
522,merged_denoised_k8_vox0p05m_rough4_raycloud_decimated_inside_segmented_568.ply
523,merged_denoised_k8_vox0p05m_rough4_raycloud_decimated_inside_segmented_569.ply
524,merged_denoised_k8_vox0p05m_rough4_raycloud_decimated_inside_segmented_57.ply
525,merged_denoised_k8_vox0p05m_rough4_raycloud_decimated_inside_segmented_570.ply
526,merged_denoised_k8_vox0p05m_rough4_raycloud_decimated_inside_segmented_571.ply
527,merged_denoised_k8_vox0p05m_rough4_raycloud_decimated_inside_segmented_572.ply
528,merged_denoised_k8_vox0p05m_rough4_raycloud_decimated_inside_segmented_573.ply
529,merged_denoised_k8_vox0p05m_rough4_raycloud_decimated_inside_segmented_574.ply
530,merged_denoised_k8_vox0p05m_rough4_raycloud_decimated_inside_segmented_575.ply
531,merged_denoised_k8_vox0p05m_rough4_raycloud_decimated_inside_segmented_576.ply
532,merged_denoised_k8_vox0p05m_rough4_raycloud_decimated_inside_segmented_577.ply
533,merged_denoised_k8_vox0p05m_rough4_raycloud_decimated_inside_segmented_578.ply
534,merged_denoised_k8_vox0p05m_rough4_raycloud_decimated_inside_segmented_579.ply
535,merged_denoised_k8_vox0p05m_rough4_raycloud_decimated_inside_segmented_58.ply
536,merged_denoised_k8_vox0p05m_rough4_raycloud_decimated_inside_segmented_580.ply
537,merged_denoised_k8_vox0p05m_rough4_raycloud_decimated_inside_segmented_581.ply
538,merged_denoised_k8_vox0p05m_rough4_raycloud_decimated_inside_segmented_582.ply
539,merged_denoised_k8_vox0p05m_rough4_raycloud_decimated_inside_segmented_583.ply
540,merged_denoised_k8_vox0p05m_rough4_raycloud_decimated_inside_segmented_584.ply
541,merged_denoised_k8_vox0p05m_rough4_raycloud_decimated_inside_segmented_585.ply
542,merged_denoised_k8_vox0p05m_rough4_raycloud_decimated_inside_segmented_586.ply
543,merged_denoised_k8_vox0p05m_rough4_raycloud_decimated_inside_segmented_587.ply
544,merged_denoised_k8_vox0p05m_rough4_raycloud_decimated_inside_segmented_588.ply
545,merged_denoised_k8_vox0p05m_rough4_raycloud_decimated_inside_segmented_589.ply
546,merged_denoised_k8_vox0p05m_rough4_raycloud_decimated_inside_segmented_59.ply
547,merged_denoised_k8_vox0p05m_rough4_raycloud_decimated_inside_segmented_590.ply
548,merged_denoised_k8_vox0p05m_rough4_raycloud_decimated_inside_segmented_591.ply
549,merged_denoised_k8_vox0p05m_rough4_raycloud_decimated_inside_segmented_592.ply
550,merged_denoised_k8_vox0p05m_rough4_raycloud_decimated_inside_segmented_593.ply
551,merged_denoised_k8_vox0p05m_rough4_raycloud_decimated_inside_segmented_594.ply
552,merged_denoised_k8_vox0p05m_rough4_raycloud_decimated_inside_segmented_595.ply
553,merged_denoised_k8_vox0p05m_rough4_raycloud_decimated_inside_segmented_596.ply
554,merged_denoised_k8_vox0p05m_rough4_raycloud_decimated_inside_segmented_597.ply
555,merged_denoised_k8_vox0p05m_rough4_raycloud_decimated_inside_segmented_598.ply
556,merged_denoised_k8_vox0p05m_rough4_raycloud_decimated_inside_segmented_599.ply
557,merged_denoised_k8_vox0p05m_rough4_raycloud_decimated_inside_segmented_6.ply
558,merged_denoised_k8_vox0p05m_rough4_raycloud_decimated_inside_segmented_60.ply
559,merged_denoised_k8_vox0p05m_rough4_raycloud_decimated_inside_segmented_600.ply
560,merged_denoised_k8_vox0p05m_rough4_raycloud_decimated_inside_segmented_601.ply
561,merged_denoised_k8_vox0p05m_rough4_raycloud_decimated_inside_segmented_602.ply
562,merged_denoised_k8_vox0p05m_rough4_raycloud_decimated_inside_segmented_603.ply
563,merged_denoised_k8_vox0p05m_rough4_raycloud_decimated_inside_segmented_604.ply
564,merged_denoised_k8_vox0p05m_rough4_raycloud_decimated_inside_segmented_605.ply
565,merged_denoised_k8_vox0p05m_rough4_raycloud_decimated_inside_segmented_606.ply
566,merged_denoised_k8_vox0p05m_rough4_raycloud_decimated_inside_segmented_607.ply
567,merged_denoised_k8_vox0p05m_rough4_raycloud_decimated_inside_segmented_608.ply
568,merged_denoised_k8_vox0p05m_rough4_raycloud_decimated_inside_segmented_609.ply
569,merged_denoised_k8_vox0p05m_rough4_raycloud_decimated_inside_segmented_61.ply
570,merged_denoised_k8_vox0p05m_rough4_raycloud_decimated_inside_segmented_610.ply
571,merged_denoised_k8_vox0p05m_rough4_raycloud_decimated_inside_segmented_611.ply
572,merged_denoised_k8_vox0p05m_rough4_raycloud_decimated_inside_segmented_612.ply
573,merged_denoised_k8_vox0p05m_rough4_raycloud_decimated_inside_segmented_613.ply
574,merged_denoised_k8_vox0p05m_rough4_raycloud_decimated_inside_segmented_614.ply
575,merged_denoised_k8_vox0p05m_rough4_raycloud_decimated_inside_segmented_615.ply
576,merged_denoised_k8_vox0p05m_rough4_raycloud_decimated_inside_segmented_616.ply
577,merged_denoised_k8_vox0p05m_rough4_raycloud_decimated_inside_segmented_617.ply
578,merged_denoised_k8_vox0p05m_rough4_raycloud_decimated_inside_segmented_618.ply
579,merged_denoised_k8_vox0p05m_rough4_raycloud_decimated_inside_segmented_619.ply
580,merged_denoised_k8_vox0p05m_rough4_raycloud_decimated_inside_segmented_62.ply
581,merged_denoised_k8_vox0p05m_rough4_raycloud_decimated_inside_segmented_620.ply
582,merged_denoised_k8_vox0p05m_rough4_raycloud_decimated_inside_segmented_621.ply
583,merged_denoised_k8_vox0p05m_rough4_raycloud_decimated_inside_segmented_622.ply
584,merged_denoised_k8_vox0p05m_rough4_raycloud_decimated_inside_segmented_623.ply
585,merged_denoised_k8_vox0p05m_rough4_raycloud_decimated_inside_segmented_624.ply
586,merged_denoised_k8_vox0p05m_rough4_raycloud_decimated_inside_segmented_625.ply
587,merged_denoised_k8_vox0p05m_rough4_raycloud_decimated_inside_segmented_626.ply
588,merged_denoised_k8_vox0p05m_rough4_raycloud_decimated_inside_segmented_63.ply
589,merged_denoised_k8_vox0p05m_rough4_raycloud_decimated_inside_segmented_64.ply
590,merged_denoised_k8_vox0p05m_rough4_raycloud_decimated_inside_segmented_65.ply
591,merged_denoised_k8_vox0p05m_rough4_raycloud_decimated_inside_segmented_66.ply
592,merged_denoised_k8_vox0p05m_rough4_raycloud_decimated_inside_segmented_67.ply
593,merged_denoised_k8_vox0p05m_rough4_raycloud_decimated_inside_segmented_68.ply
594,merged_denoised_k8_vox0p05m_rough4_raycloud_decimated_inside_segmented_69.ply
595,merged_denoised_k8_vox0p05m_rough4_raycloud_decimated_inside_segmented_7.ply
596,merged_denoised_k8_vox0p05m_rough4_raycloud_decimated_inside_segmented_70.ply
597,merged_denoised_k8_vox0p05m_rough4_raycloud_decimated_inside_segmented_71.ply
598,merged_denoised_k8_vox0p05m_rough4_raycloud_decimated_inside_segmented_72.ply
599,merged_denoised_k8_vox0p05m_rough4_raycloud_decimated_inside_segmented_73.ply
600,merged_denoised_k8_vox0p05m_rough4_raycloud_decimated_inside_segmented_74.ply
601,merged_denoised_k8_vox0p05m_rough4_raycloud_decimated_inside_segmented_75.ply
602,merged_denoised_k8_vox0p05m_rough4_raycloud_decimated_inside_segmented_76.ply
603,merged_denoised_k8_vox0p05m_rough4_raycloud_decimated_inside_segmented_77.ply
604,merged_denoised_k8_vox0p05m_rough4_raycloud_decimated_inside_segmented_78.ply
605,merged_denoised_k8_vox0p05m_rough4_raycloud_decimated_inside_segmented_79.ply
606,merged_denoised_k8_vox0p05m_rough4_raycloud_decimated_inside_segmented_8.ply
607,merged_denoised_k8_vox0p05m_rough4_raycloud_decimated_inside_segmented_80.ply
608,merged_denoised_k8_vox0p05m_rough4_raycloud_decimated_inside_segmented_81.ply
609,merged_denoised_k8_vox0p05m_rough4_raycloud_decimated_inside_segmented_82.ply
610,merged_denoised_k8_vox0p05m_rough4_raycloud_decimated_inside_segmented_83.ply
611,merged_denoised_k8_vox0p05m_rough4_raycloud_decimated_inside_segmented_84.ply
612,merged_denoised_k8_vox0p05m_rough4_raycloud_decimated_inside_segmented_85.ply
613,merged_denoised_k8_vox0p05m_rough4_raycloud_decimated_inside_segmented_86.ply
614,merged_denoised_k8_vox0p05m_rough4_raycloud_decimated_inside_segmented_87.ply
615,merged_denoised_k8_vox0p05m_rough4_raycloud_decimated_inside_segmented_88.ply
616,merged_denoised_k8_vox0p05m_rough4_raycloud_decimated_inside_segmented_89.ply
617,merged_denoised_k8_vox0p05m_rough4_raycloud_decimated_inside_segmented_9.ply
618,merged_denoised_k8_vox0p05m_rough4_raycloud_decimated_inside_segmented_90.ply
619,merged_denoised_k8_vox0p05m_rough4_raycloud_decimated_inside_segmented_91.ply
620,merged_denoised_k8_vox0p05m_rough4_raycloud_decimated_inside_segmented_92.ply
621,merged_denoised_k8_vox0p05m_rough4_raycloud_decimated_inside_segmented_93.ply
622,merged_denoised_k8_vox0p05m_rough4_raycloud_decimated_inside_segmented_94.ply
623,merged_denoised_k8_vox0p05m_rough4_raycloud_decimated_inside_segmented_95.ply
624,merged_denoised_k8_vox0p05m_rough4_raycloud_decimated_inside_segmented_96.ply
625,merged_denoised_k8_vox0p05m_rough4_raycloud_decimated_inside_segmented_97.ply
626,merged_denoised_k8_vox0p05m_rough4_raycloud_decimated_inside_segmented_98.ply
627,merged_denoised_k8_vox0p05m_rough4_raycloud_decimated_inside_segmented_99.ply
